{"cameraMode":{"drawMode":0,"name":"Shaded","section":"Shading Mode"},"sceneLighting":false,"audioPlay":false,"sceneViewState":{"m_AlwaysRefresh":false,"showFog":true,"showSkybox":false,"showFlares":true,"showImageEffects":true,"showParticleSystems":true,"showVisualEffectGraphs":true,"m_FxEnabled":true},"in2DMode":false,"pivot":{"x":5.791833877563477,"y":0.14514726400375367,"z":-0.20638014376163484},"rotation":{"x":-0.024776669219136239,"y":0.5864473581314087,"z":0.01795291155576706,"w":0.809417724609375},"size":1.6498138904571534,"orthographic":true}