{"cameraMode":{"drawMode":0,"name":"Shaded","section":"Shading Mode"},"sceneLighting":false,"audioPlay":false,"sceneViewState":{"m_AlwaysRefresh":false,"showFog":true,"showSkybox":false,"showFlares":true,"showImageEffects":true,"showParticleSystems":true,"showVisualEffectGraphs":true,"m_FxEnabled":true},"in2DMode":false,"pivot":{"x":-0.0041913241147994999,"y":0.6556450128555298,"z":1.856492519378662},"rotation":{"x":0.05231539160013199,"y":0.3947722613811493,"z":-0.022556675598025323,"w":0.9170651435852051},"size":1.9179928302764893,"orthographic":true}