{"cameraMode":{"drawMode":0,"name":"Shaded","section":"Shading Mode"},"sceneLighting":true,"audioPlay":false,"sceneViewState":{"m_AlwaysRefresh":false,"showFog":true,"showSkybox":true,"showFlares":true,"showImageEffects":true,"showParticleSystems":true,"showVisualEffectGraphs":true,"m_FxEnabled":true},"in2DMode":false,"pivot":{"x":17.122047424316408,"y":8.665132522583008,"z":-35.038848876953128},"rotation":{"x":0.06595396995544434,"y":-0.0074866218492388729,"z":0.0004569287702906877,"w":0.9978572726249695},"size":16.808561325073243,"orthographic":true}