{"cameraMode":{"drawMode":0,"name":"Shaded","section":"Shading Mode"},"sceneLighting":false,"audioPlay":false,"sceneViewState":{"m_AlwaysRefresh":false,"showFog":true,"showSkybox":false,"showFlares":true,"showImageEffects":true,"showParticleSystems":true,"showVisualEffectGraphs":true,"m_FxEnabled":true},"in2DMode":false,"pivot":{"x":-0.9042563438415527,"y":0.49790284037590029,"z":-1.1581604480743409},"rotation":{"x":0.011998848058283329,"y":0.01199896726757288,"z":-0.00014361744979396462,"w":0.9998536109924316},"size":1.6972767114639283,"orthographic":true}