{"cameraMode":{"drawMode":0,"name":"Shaded","section":"Shading Mode"},"sceneLighting":false,"audioPlay":false,"sceneViewState":{"m_AlwaysRefresh":false,"showFog":true,"showSkybox":false,"showFlares":true,"showImageEffects":true,"showParticleSystems":true,"showVisualEffectGraphs":true,"m_FxEnabled":true},"in2DMode":false,"pivot":{"x":768.4577026367188,"y":431.557861328125,"z":1.6704020500183106},"rotation":{"x":-0.10653337091207504,"y":-0.036683402955532077,"z":0.003933975473046303,"w":-0.9936270713806152},"size":2.952199935913086,"orthographic":false}